time,seconds,tok_per_s,tokens,battery_temp_c,skin_temp_c,battery_pct
16:25:54,18,11.44,200,30.5,34.593,91
16:26:33,57,11.38,200,31.7,37.173,91
16:27:11,95,11.21,200,32.8,38.634,91
16:27:50,134,11.18,200,33.8,39.621,90
16:28:29,173,11.00,200,34.8,40.401,90
16:29:08,212,10.95,200,35.6,41.155,90
16:29:47,251,11.06,200,36.4,41.757,90
16:30:28,292,10.31,200,37.6,43.394,89
16:31:08,332,10.37,200,38.2,43.297,89
16:31:48,372,10.43,200,38.7,43.482,89
16:32:30,414,9.83,200,39.1,43.836,89
16:33:11,455,9.83,200,39.5,44.131,89
16:33:57,501,8.15,200,40.1,44.784,88
16:34:42,546,9.09,200,40.9,45.977,88
16:35:43,607,5.29,200,42.0,47.529,88
